模型,mse,rmse,mae,median_ae,max_ae,r2,mape,bias,std_error,p95,p99,within_05,within_10
base_lstm,0.27444684505462646,0.5238767460525676,0.4679575264453888,0.4730377197265625,1.1746788024902344,0.9928674101829529,1.2727168798446655,0.43263423442840576,0.2954224944114685,0.8471904397010803,0.9133636951446533,54.2698921597202,99.8704621263642
gru,0.44750529527664185,0.6689583658768622,0.6063730716705322,0.6307106018066406,1.2028884887695312,0.9883698225021362,1.6378538608551025,0.580557644367218,0.3323524594306946,1.0331977605819702,1.1471997499465942,32.909096797176076,91.09427118753845
